Date,Open,High,Low,Close,Volume
10/25/2017,171.899994,172.25,168.889999,170.600006,15868200
10/26/2017,171.380005,172.289993,170.389999,170.630005,11833100
10/27/2017,174.149994,178.210007,173.899994,177.880005,30285300
10/30/2017,179.259995,180.690002,177.610001,179.869995,24353200
10/31/2017,180.570007,180.800003,178.940002,180.059998,20174200
11/1/2017,182.360001,182.899994,180.570007,182.660004,40918300
11/2/2017,180.630005,181.940002,177.339996,178.919998,35529900
11/3/2017,179.289993,179.860001,176.710007,178.919998,17822100
11/6/2017,178.559998,180.449997,178.309998,180.169998,13312700
11/7/2017,180.5,180.75,178.960007,180.25,12928200
11/8/2017,179.789993,180.350006,179.110001,179.559998,10494100
11/9/2017,178.309998,179.399994,177.089996,179.300003,12610300
11/10/2017,178.350006,179.100006,177.960007,178.460007,11070200
11/13/2017,177.5,179.039993,177.300003,178.770004,9523400
11/14/2017,178.130005,178.970001,177.179993,178.070007,9585900
11/15/2017,176.660004,178.570007,176.399994,177.949997,10253700
11/16/2017,178.759995,179.830002,178.5,179.589996,15607600
11/17/2017,179.300003,179.979996,178.899994,179,13018000
11/20/2017,178.869995,179.5,178.100006,178.740005,10052400
11/21/2017,179.149994,181.889999,178.990005,181.860001,14504000
11/22/2017,181.300003,181.729996,180.440002,180.869995,10376300
11/24/2017,180.399994,183.149994,180.289993,182.779999,9426300
11/27/2017,182.559998,183.729996,181.990005,183.029999,12344500
11/28/2017,183.509995,184.25,182.089996,182.419998,14379700
11/29/2017,181.889999,181.970001,174,175.130005,41933500
11/30/2017,176.850006,178.279999,175.199997,177.179993,25307600
12/1/2017,176.029999,177.479996,172.339996,175.100006,20182500
12/4/2017,176.289993,176.570007,170.789993,171.470001,24459400
12/5/2017,170.449997,175.380005,169.009995,172.830002,20184900
12/6/2017,172.5,176.770004,171.899994,176.059998,20255800
12/7/2017,175.800003,180.389999,175.800003,180.139999,20404500
12/8/2017,181.529999,182.279999,178.740005,179,19883800
12/11/2017,179.300003,180.220001,178.800003,179.039993,13168600
12/12/2017,178.600006,179.179993,176.600006,176.960007,16854100
12/13/2017,177.300003,179.160004,177.25,178.300003,14615700
12/14/2017,178.289993,180.360001,177.679993,178.389999,13591000
12/15/2017,179.020004,180.490005,178.360001,180.179993,28463100
12/18/2017,181.009995,181.300003,179.75,180.820007,17265400
12/19/2017,179.949997,180.080002,178.220001,179.509995,14920600
12/20/2017,179.809998,179.809998,177.360001,177.889999,11860500
12/21/2017,177.940002,178.679993,177.050003,177.449997,11600700
12/22/2017,177.139999,177.529999,176.229996,177.199997,8509500
12/26/2017,176.630005,177,174.669998,175.990005,8897300
12/27/2017,176.550003,178.440002,176.259995,177.619995,9496100
12/28/2017,177.949997,178.940002,177.679993,177.919998,12220800
12/29/2017,178,178.850006,176.460007,176.460007,10261500
1/2/2018,177.679993,181.580002,177.550003,181.419998,18151900
1/3/2018,181.880005,184.779999,181.330002,184.669998,16886600
1/4/2018,184.899994,186.210007,184.100006,184.330002,13880900
1/5/2018,185.589996,186.899994,184.929993,186.850006,13574500
1/8/2018,187.199997,188.899994,186.330002,188.279999,17994700
1/9/2018,188.699997,188.800003,187.100006,187.869995,12393100
1/10/2018,186.940002,187.889999,185.630005,187.839996,10529900
1/11/2018,188.399994,188.399994,187.380005,187.770004,9588600
1/12/2018,178.059998,181.479996,177.399994,179.369995,77551300
1/16/2018,181.5,181.75,178.039993,178.389999,36183800
1/17/2018,179.259995,179.320007,175.800003,177.600006,27992400
1/18/2018,178.130005,180.979996,177.080002,179.800003,23304900
1/19/2018,180.850006,182.369995,180.169998,181.289993,26826500
1/22/2018,180.800003,185.389999,180.410004,185.369995,21059500
1/23/2018,186.050003,189.550003,185.550003,189.350006,25678800
1/24/2018,189.889999,190.660004,186.520004,186.550003,24334500
1/25/2018,187.949997,188.619995,186.600006,187.479996,17377700
1/26/2018,187.75,190,186.809998,190,17759200
1/29/2018,188.75,188.839996,185.630005,185.979996,20453200
1/30/2018,187.619995,188.179993,181.839996,187.119995,20858600
1/31/2018,188.369995,189.830002,185.220001,186.889999,43275100
2/1/2018,188.220001,195.320007,187.889999,193.089996,54211300
2/2/2018,192.039993,194.210007,189.979996,190.279999,26677500
2/5/2018,186.929993,190.610001,180.610001,181.259995,33128200
2/6/2018,178.570007,185.770004,177.740005,185.309998,37758500
2/7/2018,184.149994,185.080002,179.949997,180.179993,27601900
2/8/2018,181.009995,181.839996,171.479996,171.580002,38478300
2/9/2018,174.759995,176.899994,167.179993,176.110001,39887600
2/12/2018,177.059998,177.550003,171.839996,176.410004,32092100
2/13/2018,175.619995,175.970001,173.100006,173.149994,21809400
2/14/2018,173.449997,179.809998,173.210007,179.520004,28929700
2/15/2018,180.5,180.5,176.839996,179.960007,20922100
2/16/2018,178.990005,179.880005,176.300003,177.360001,20645300
2/20/2018,175.770004,177.949997,175.110001,176.009995,21204900
2/21/2018,176.710007,181.270004,176.399994,177.910004,23200800
2/22/2018,178.699997,180.210007,177.410004,178.990005,18464200
2/23/2018,179.899994,183.389999,179.509995,183.289993,19007300
2/26/2018,184.580002,185.660004,183.220001,184.929993,17599700
2/27/2018,184.449997,184.699997,181.460007,181.460007,15849800
2/28/2018,182.300003,182.880005,178.139999,178.320007,18783000
3/1/2018,179.009995,180.119995,174.410004,175.940002,23201600
3/2/2018,173.289993,177.110001,172.990005,176.619995,20025900
3/5/2018,176.199997,181.149994,175.889999,180.399994,16189300
3/6/2018,181.779999,182.380005,179.110001,179.779999,15086800
3/7/2018,178.740005,183.820007,178.070007,183.710007,19097300
3/8/2018,183.559998,184.399994,181.449997,182.339996,17225900
3/9/2018,183.910004,185.509995,183.210007,185.229996,18526300
3/12/2018,185.229996,186.100006,184.220001,184.759995,15301200
3/13/2018,185.610001,185.990005,181.110001,181.880005,18067500
3/14/2018,182.600006,184.25,181.850006,184.190002,16821700
3/15/2018,183.240005,184,182.190002,183.860001,15614300
3/16/2018,184.490005,185.330002,183.410004,185.089996,24403400
3/19/2018,177.009995,177.169998,170.059998,172.559998,88140100
3/20/2018,167.470001,170.199997,161.949997,168.149994,129851800
3/21/2018,164.800003,173.399994,163.300003,169.389999,106598800
3/22/2018,166.130005,170.270004,163.720001,164.889999,73743000
3/23/2018,165.440002,166.600006,159.020004,159.389999,53609700
3/26/2018,160.820007,161.100006,149.020004,160.059998,126116600
3/27/2018,156.309998,162.850006,150.75,152.220001,79117000
3/28/2018,151.649994,155.880005,150.800003,153.029999,60029200
3/29/2018,155.149994,161.419998,154.139999,159.789993,59434300
4/2/2018,157.809998,159.199997,154.110001,155.389999,36796000
4/3/2018,156.550003,157.389999,150.809998,156.110001,42543900
4/4/2018,152.029999,155.559998,150.509995,155.100006,49885600
4/5/2018,161.559998,161.570007,156.649994,159.339996,41449600
4/6/2018,157.729996,161.419998,156.809998,157.199997,41644800
4/9/2018,157.820007,160.529999,156.039993,157.929993,34915200
4/10/2018,157.929993,165.979996,157.009995,165.039993,57889300
4/11/2018,165.360001,168.649994,163.25,166.320007,56144600
4/12/2018,166.979996,167.449997,163.100006,163.869995,38263000
4/13/2018,164.580002,165.699997,163.770004,164.520004,19990600
4/16/2018,165.720001,165.779999,163.389999,164.830002,18119400
4/17/2018,165.830002,169,165.660004,168.660004,22743000
4/18/2018,166.880005,168.119995,165.770004,166.360001,20969600
4/19/2018,166.199997,168.330002,165.199997,168.100006,22235000
4/20/2018,167.789993,168.429993,165.809998,166.279999,19119400
4/23/2018,167.270004,168.449997,165.089996,165.839996,23088100
4/24/2018,165.429993,166.100006,158.190002,159.690002,35079900
4/25/2018,160.139999,161.059998,156.190002,159.690002,41083600
4/26/2018,173.220001,176.270004,170.800003,174.160004,77556900
4/27/2018,176.809998,177.100006,172.600006,173.589996,29804700
4/30/2018,173.789993,175.720001,171.710007,172,20750500
5/1/2018,172,174.020004,170.229996,173.860001,26025900
5/2/2018,174.25,178.080002,174.199997,176.070007,30424500
5/3/2018,175.130005,176.119995,172.119995,174.020004,24026100
5/4/2018,173.080002,176.979996,173.059998,176.610001,17677800
5/7/2018,177.350006,179.5,177.169998,177.970001,18697200
5/8/2018,178.25,179.039993,177.110001,178.919998,15577200
5/9/2018,179.669998,183.009995,178.779999,182.660004,23282800
5/10/2018,183.149994,186.130005,182.5,185.529999,21071400
5/11/2018,184.850006,188.320007,184.179993,186.990005,21207800
5/14/2018,187.710007,187.860001,186.199997,186.639999,15646700
5/15/2018,184.880005,185.289993,183.199997,184.320007,15429400
5/16/2018,183.699997,184.320007,182.660004,183.199997,16975500
5/17/2018,182.679993,184.059998,182.220001,183.759995,14840700
5/18/2018,183.490005,184.190002,182.610001,182.679993,13130500
5/21/2018,183.770004,185.300003,183.130005,184.490005,13532900
5/22/2018,184.929993,185.419998,183.429993,183.800003,12731400
5/23/2018,182.5,186.910004,182.179993,186.899994,16628100
5/24/2018,185.880005,186.800003,185.029999,185.929993,12354700
5/25/2018,186.020004,186.330002,184.449997,184.919998,10965100
5/29/2018,184.339996,186.809998,183.710007,185.740005,16398900
5/30/2018,186.539993,188,185.25,187.669998,13736900
5/31/2018,187.869995,192.720001,187.479996,191.779999,30782600
6/1/2018,193.070007,194.550003,192.070007,193.990005,17307200
6/4/2018,191.839996,193.979996,191.470001,193.279999,18939800
6/5/2018,194.300003,195,192.619995,192.940002,15544300
6/6/2018,191.029999,192.529999,189.110001,191.339996,22558900
6/7/2018,190.75,190.970001,186.770004,188.179993,21503200
6/8/2018,187.529999,189.479996,186.429993,189.100006,12677100
6/11/2018,188.809998,192.600006,188.800003,191.539993,12928900
6/12/2018,192.169998,193.279999,191.559998,192.399994,11562700
6/13/2018,192.740005,194.5,191.910004,192.410004,15853800
6/14/2018,193.100006,197.279999,192.910004,196.809998,19120900
6/15/2018,195.789993,197.070007,194.639999,195.850006,21860900
6/18/2018,194.800003,199.580002,194.130005,198.309998,16826000
6/19/2018,196.240005,197.960007,193.789993,197.490005,19994000
6/20/2018,199.100006,203.550003,198.809998,202,28230900
6/21/2018,202.759995,203.389999,200.089996,201.5,19045700
6/22/2018,201.160004,202.240005,199.309998,201.740005,17420200
6/25/2018,200,200,193.110001,196.350006,25275100
6/26/2018,197.600006,199.100006,196.229996,199,17897600
6/27/2018,199.179993,200.75,195.800003,195.839996,18734400
6/28/2018,195.179993,197.339996,193.259995,196.229996,18172400
6/29/2018,197.320007,197.600006,193.960007,194.320007,15811600
7/2/2018,193.369995,197.449997,192.220001,197.360001,13961600
7/3/2018,194.550003,195.399994,192.520004,192.729996,13489500
7/5/2018,194.740005,198.649994,194.029999,198.449997,19684200
7/6/2018,198.449997,203.639999,197.699997,203.229996,19740100
7/9/2018,204.929993,205.800003,202.119995,204.740005,18149400
7/10/2018,204.5,204.910004,202.259995,203.539993,13190100
7/11/2018,202.220001,204.5,201.75,202.539993,12927400
7/12/2018,203.429993,207.080002,203.190002,206.919998,15454700
7/13/2018,207.809998,208.429993,206.449997,207.320007,11486800
7/16/2018,207.5,208.720001,206.839996,207.229996,11078200
7/17/2018,204.899994,210.460007,204.839996,209.990005,15349900
7/18/2018,209.820007,210.990005,208.440002,209.360001,15334900
7/19/2018,208.770004,209.990005,207.759995,208.089996,11350400
7/20/2018,208.850006,211.5,208.5,209.940002,16163900
7/23/2018,210.580002,211.619995,208.800003,210.910004,16732000
7/24/2018,215.110001,216.199997,212.600006,214.669998,28468700
7/25/2018,215.720001,218.619995,214.270004,217.5,58954200
7/26/2018,174.889999,180.130005,173.75,176.259995,169803700
7/27/2018,179.869995,179.929993,173,174.889999,60073700
7/30/2018,175.300003,175.300003,166.559998,171.059998,65280800
7/31/2018,170.669998,174.240005,170,172.580002,40356500
8/1/2018,173.929993,175.080002,170.899994,171.649994,34042100
8/2/2018,170.679993,176.789993,170.270004,176.369995,32400000
8/3/2018,177.690002,178.850006,176.149994,177.779999,24763400
8/6/2018,178.970001,185.789993,178.380005,185.690002,49716200
8/7/2018,186.5,188.300003,183.720001,183.809998,33398600
8/8/2018,184.75,186.850006,183.759995,185.179993,22205200
8/9/2018,185.850006,186.570007,182.479996,183.089996,19732100
8/10/2018,182.039993,182.100006,179.419998,180.259995,21500400
8/13/2018,180.100006,182.610001,178.899994,180.050003,17423300
8/14/2018,180.710007,181.990005,178.619995,181.110001,19102000
8/15/2018,179.339996,180.869995,174.779999,179.529999,33020200
8/16/2018,180.419998,180.5,174.009995,174.699997,31351800
8/17/2018,174.5,176.220001,172.039993,173.800003,24893200
8/20/2018,174.039993,174.570007,170.910004,172.5,21518000
8/21/2018,172.809998,174.169998,171.389999,172.619995,19578500
8/22/2018,172.210007,174.240005,172.130005,173.639999,16894100
8/23/2018,173.089996,175.550003,172.830002,172.899994,18053600
8/24/2018,173.699997,174.820007,172.919998,174.649994,14631600
8/27/2018,175.990005,178.669998,175.789993,177.460007,17921900
8/28/2018,178.100006,178.240005,175.830002,176.259995,15910700
8/29/2018,176.300003,176.789993,174.75,175.899994,18494100
8/30/2018,175.899994,179.789993,175.699997,177.639999,24216500
8/31/2018,177.149994,177.619995,174.979996,175.729996,18065200
9/4/2018,173.5,173.889999,168.800003,171.160004,29809000
9/5/2018,169.490005,171.130005,166.669998,167.179993,31226700
9/6/2018,166.979996,166.979996,160,162.529999,41514800
9/7/2018,160.309998,164.630005,160.160004,163.039993,24300600
9/10/2018,163.509995,165.009995,162.160004,164.179993,20197700
9/11/2018,163.940002,167.190002,163.720001,165.940002,20457100
9/12/2018,163.25,164.490005,161.800003,162,24078100
9/13/2018,162,163.320007,160.860001,161.360001,25453800
9/14/2018,161.720001,162.839996,160.339996,162.320007,21770400
9/17/2018,161.919998,162.059998,159.770004,160.580002,21005300
9/18/2018,159.389999,161.759995,158.869995,160.300003,22465200
9/19/2018,160.080002,163.440002,159.479996,163.059998,19629000
9/20/2018,164.5,166.449997,164.470001,166.020004,18936000
9/21/2018,166.639999,167.25,162.809998,162.929993,45994800
9/24/2018,161.029999,165.699997,160.880005,165.410004,19222800
9/25/2018,161.990005,165.589996,161.149994,164.910004,27622800
9/26/2018,164.300003,169.300003,164.210007,166.949997,25252200
9/27/2018,167.550003,171.770004,167.210007,168.839996,27266900
9/28/2018,168.330002,168.789993,162.559998,164.460007,34265600
10/1/2018,163.029999,165.880005,161.259995,162.440002,26407700
10/2/2018,161.580002,162.279999,158.669998,159.330002,36031000
10/3/2018,160,163.660004,159.529999,162.429993,23109500
10/4/2018,161.460007,161.460007,157.350006,158.850006,25739600
10/5/2018,159.210007,160.899994,156.199997,157.330002,25744000
10/8/2018,155.539993,158.339996,154.389999,157.25,24046000
10/9/2018,157.690002,160.589996,157.419998,157.899994,18844400
10/10/2018,156.820007,157.690002,151.309998,151.380005,30610000
10/11/2018,150.130005,154.809998,149.160004,153.350006,35338900
10/12/2018,156.729996,156.889999,151.300003,153.740005,25293500
10/15/2018,153.320007,155.570007,152.550003,153.520004,15433500
10/16/2018,155.399994,159.460007,155.009995,158.779999,19180100
10/17/2018,159.559998,160.490005,157.949997,159.419998,17592000
10/18/2018,158.509995,158.660004,153.279999,154.919998,21675100
10/19/2018,155.860001,157.350006,153.550003,154.050003,19761300
10/22/2018,154.759995,157.339996,154.460007,154.779999,15424700
10/23/2018,151.220001,154.770004,150.850006,154.389999,19095000
10/24/2018,154.279999,154.649994,145.600006,146.039993,27744600
10/25/2018,147.729996,152.210007,147,150.949997,22105700
10/26/2018,145.820007,149,143.800003,145.369995,31303300
10/29/2018,148.5,148.830002,139.029999,142.089996,31336800
10/30/2018,139.940002,146.639999,139.740005,146.220001,50528300
10/31/2018,155,156.399994,148.960007,151.789993,60101300
11/1/2018,151.520004,152.75,149.350006,151.75,25640800
11/2/2018,151.800003,154.130005,148.960007,150.350006,24708700
11/5/2018,150.100006,150.190002,147.440002,148.679993,15971200
11/6/2018,149.309998,150.970001,148,149.940002,16667100
11/7/2018,151.570007,153.009995,149.830002,151.529999,21877400
11/8/2018,150.490005,150.940002,146.740005,147.869995,24145800
11/9/2018,146.75,147.759995,144.070007,144.960007,17326900
11/12/2018,144.479996,145.039993,140.490005,141.550003,18542100
11/13/2018,142,144.880005,141.619995,142.160004,15141700
11/14/2018,143.699997,145.580002,141.550003,144.220001,22068400
11/15/2018,142.330002,144.839996,140.830002,143.850006,30320300
11/16/2018,141.070007,141.770004,137.770004,139.529999,37250600
11/19/2018,137.610001,137.75,131.210007,131.550003,44362700
11/20/2018,127.029999,134.160004,126.849998,132.429993,41939500
11/21/2018,134.399994,137.190002,134.130005,134.820007,25469700
11/23/2018,133.649994,134.5,131.259995,131.729996,11886100
11/26/2018,133,137,132.779999,136.380005,24263600
11/27/2018,135.75,136.610001,133.710007,135,20750300
11/28/2018,136.279999,136.789993,131.850006,136.759995,29847500
11/29/2018,135.919998,139.990005,135.660004,138.679993,24238700
11/30/2018,138.259995,140.970001,137.360001,140.610001,25732600
12/3/2018,143,143.679993,140.759995,141.089996,24819200
12/4/2018,140.729996,143.389999,137.160004,137.929993,30307400
12/6/2018,133.820007,139.699997,133.669998,139.630005,28218100
12/7/2018,139.25,140.869995,136.660004,137.419998,21195500
12/10/2018,139.600006,143.050003,139.009995,141.850006,26422200
12/11/2018,143.880005,143.880005,141.100006,142.080002,20300300
12/12/2018,143.080002,147.190002,142.509995,144.5,23696900
12/13/2018,145.570007,145.850006,143.190002,145.009995,18148600
12/14/2018,143.339996,146.009995,142.509995,144.059998,21785800
12/17/2018,143.080002,144.919998,138.419998,140.190002,24334000
12/18/2018,141.080002,145.929993,139.830002,143.660004,24709100
12/19/2018,141.210007,144.910004,132.5,133.240005,57404900
12/20/2018,130.699997,135.570007,130,133.399994,40297900
12/21/2018,133.389999,134.899994,123.419998,124.949997,56901500
12/24/2018,123.099998,129.740005,123.019997,124.059998,22066000
12/26/2018,126,134.240005,125.889999,134.179993,39723400
12/27/2018,132.440002,134.990005,129.669998,134.520004,31202500
12/28/2018,135.339996,135.919998,132.199997,133.199997,22627600
12/31/2018,134.449997,134.639999,129.949997,131.089996,24625300
1/2/2019,128.990005,137.509995,128.559998,135.679993,28146200
1/3/2019,134.690002,137.169998,131.119995,131.740005,22717900
1/4/2019,134.009995,138,133.75,137.949997,29002100
1/7/2019,137.559998,138.869995,135.910004,138.050003,20089300
1/8/2019,139.889999,143.139999,139.539993,142.529999,26263800
1/9/2019,142.949997,144.699997,141.270004,144.229996,22205900
1/10/2019,143.080002,144.559998,140.839996,144.199997,16125000
1/11/2019,143.149994,145.360001,142.570007,143.800003,12908000
1/14/2019,142,146.570007,141.270004,145.389999,20520300
1/15/2019,146.009995,150.679993,145.990005,148.949997,24069000
1/16/2019,149,149.649994,147,147.539993,18025700
1/17/2019,146.949997,149,146.5,148.300003,15787900
1/18/2019,149.75,152.429993,148.550003,150.039993,31029600
1/22/2019,149.199997,151.529999,146.369995,147.570007,22378700
1/23/2019,148.279999,148.800003,143.059998,144.300003,20098400
1/24/2019,144.639999,146.440002,142.520004,145.830002,20955500
1/25/2019,147.479996,149.830002,146.539993,149.009995,22237200
1/28/2019,148.050003,148.960007,146.210007,147.470001,15508500
1/29/2019,148.089996,148.100006,143.429993,144.190002,17632100
1/30/2019,146.220001,150.949997,145.699997,150.419998,44613200
1/31/2019,165.600006,171.679993,165,166.690002,77233600
2/1/2019,165.839996,169.100006,165.660004,165.710007,30806500
2/4/2019,165.699997,169.300003,163.619995,169.25,20036000
2/5/2019,169.149994,171.979996,168.690002,171.160004,22557000
2/6/2019,171.199997,172.470001,169.270004,170.490005,13281200
2/7/2019,168.199997,169.240005,165.25,166.380005,17517600
2/8/2019,164.470001,167.369995,164.210007,167.330002,12561400
2/11/2019,167.899994,168.300003,165.080002,165.789993,12811200
2/12/2019,166.860001,168.339996,164.5,165.039993,16292300
2/13/2019,165.380005,166.220001,163.729996,164.070007,14205100
2/14/2019,163.190002,164.869995,162.25,163.949997,12755200
2/15/2019,164.509995,164.699997,160.860001,162.5,15504400
2/19/2019,160.5,164.149994,160.330002,162.289993,14345400
2/20/2019,162.25,163.720001,161.25,162.559998,11770700
2/21/2019,161.929993,162.240005,159.589996,160.039993,15607800
2/22/2019,160.580002,162.410004,160.309998,161.889999,15858500
2/25/2019,163.070007,166.070007,162.899994,164.619995,18737100
2/26/2019,164.339996,166.240005,163.800003,164.130005,13784100
2/27/2019,162.899994,163.929993,160.410004,162.809998,12697500
2/28/2019,162.369995,163.5,160.860001,161.449997,11114200
3/1/2019,162.600006,163.130005,161.690002,162.279999,11097800
3/4/2019,163.899994,167.5,163.830002,167.369995,18894700
3/5/2019,167.369995,171.880005,166.550003,171.259995,28187900
3/6/2019,172.899994,173.570007,171.270004,172.509995,21531700
3/7/2019,171.5,171.740005,167.610001,169.130005,18306500
3/8/2019,166.199997,169.619995,165.970001,169.600006,13184800
3/11/2019,171.600006,174.300003,171.580002,172.070007,18884000
3/12/2019,172.089996,173.800003,171.220001,171.919998,12155300
3/13/2019,172.320007,174.029999,172.119995,173.369995,11973300
3/14/2019,169.759995,171.149994,168.160004,170.169998,18037400
3/15/2019,167.160004,167.580002,162.509995,165.979996,37135400
3/18/2019,163.570007,163.899994,159.279999,160.470001,37524200
3/19/2019,161.479996,163.820007,160.820007,161.570007,25611500
3/20/2019,161.5,166.119995,161.240005,165.440002,20211500
3/21/2019,164.889999,166.389999,163.75,166.080002,16223000
3/22/2019,165.649994,167.419998,164.089996,164.339996,16389200
3/25/2019,163,166.539993,162,166.289993,12631200
3/26/2019,167.350006,169.449997,166.350006,167.679993,15437900
3/27/2019,167.850006,168.940002,164.789993,165.869995,10620300
3/28/2019,164.570007,166.720001,163.330002,165.550003,10443000
3/29/2019,166.389999,167.190002,164.809998,166.690002,13455500
4/1/2019,167.830002,168.899994,167.279999,168.699997,10381500
4/2/2019,170.139999,174.899994,169.550003,174.199997,23946500
4/3/2019,174.5,177.960007,172.949997,173.539993,27391100
4/4/2019,176.020004,178,175.529999,176.020004,17847700
4/5/2019,176.880005,177,175.100006,175.720001,9594100
4/8/2019,175.210007,175.5,174.229996,174.929993,7297400
4/9/2019,175.619995,179.190002,175.550003,177.580002,19751000
4/10/2019,178.179993,178.789993,176.539993,177.820007,11701500
4/11/2019,178.240005,178.399994,177,177.509995,8071000
4/12/2019,178,179.630005,177.949997,179.100006,12329800
4/15/2019,178.5,180.5,176.869995,179.649994,10834800
4/16/2019,179,180.169998,178.300003,178.869995,11215200
4/17/2019,179.600006,180.740005,178.360001,178.779999,9973700
4/18/2019,178.800003,178.880005,177.339996,178.279999,11655600
4/22/2019,178.25,181.669998,178.25,181.440002,13389900
4/23/2019,182.740005,184.220001,181.479996,183.779999,19954800
4/24/2019,184.490005,185.139999,181.649994,182.580002,37289900
4/25/2019,196.979996,198.479996,192.119995,193.259995,54148800
4/26/2019,192.5,192.899994,189.089996,191.490005,22075000
4/29/2019,190.949997,195.410004,190.649994,194.779999,19641300
4/30/2019,194.190002,197.389999,192.279999,193.399994,23494700
5/1/2019,194.779999,196.179993,193.009995,193.029999,15996600
5/2/2019,193,194,189.75,192.529999,13209500
5/3/2019,194.380005,196.160004,193.710007,195.470001,14575400
5/6/2019,191.240005,194.279999,190.550003,193.880005,13994900
5/7/2019,192.539993,192.899994,187.850006,189.770004,16253000
5/8/2019,189.389999,190.720001,188.550003,189.539993,12505700
5/9/2019,187.199997,189.770004,186.259995,188.649994,12967000
5/10/2019,188.25,190,184.589996,188.339996,12578500
5/13/2019,183.5,185.429993,180.839996,181.539993,16833300
5/14/2019,182.520004,183.490005,178.100006,180.729996,17628100
5/15/2019,180.419998,187.279999,180.020004,186.270004,16746900
5/16/2019,185.050003,188.580002,185.050003,186.990005,12953100
5/17/2019,184.839996,187.580002,184.279999,185.300003,10485400
5/20/2019,181.880005,184.229996,181.369995,182.720001,10352000
5/21/2019,184.570007,185.699997,183.889999,184.820007,7502800
5/22/2019,184.729996,186.740005,183.610001,185.320007,9213800
5/23/2019,182.419998,183.899994,179.669998,180.869995,12768800
5/24/2019,182.330002,183.630005,180.830002,181.059998,8807700
5/28/2019,181.539993,184.710007,181.449997,184.309998,14843300
5/29/2019,183.5,184.559998,181.350006,182.190002,12797700
5/30/2019,183.080002,183.479996,180.889999,183.009995,8581500
5/31/2019,180.279999,180.539993,177.160004,177.470001,15226500
6/3/2019,175,175.050003,161.009995,164.149994,56059600
6/4/2019,163.710007,168.279999,160.839996,167.5,46044300
6/5/2019,167.479996,168.720001,164.630005,168.169998,19758300
6/6/2019,168.300003,169.699997,167.229996,168.330002,12446400
6/7/2019,170.169998,173.869995,168.839996,173.350006,16917300
6/10/2019,174.75,177.860001,173.800003,174.820007,14767900
6/11/2019,178.479996,179.979996,176.789993,178.100006,15266600
6/12/2019,178.380005,179.270004,172.880005,175.039993,17699800
6/13/2019,175.529999,178.029999,174.610001,177.470001,12253600
6/14/2019,180.509995,181.839996,180,181.330002,16773700
6/17/2019,185.009995,189.5,184.410004,189.009995,29459900
6/18/2019,194,194.529999,187.279999,188.470001,37571400
6/19/2019,187,188.100006,184.550003,187.479996,21417100
6/20/2019,190.949997,191.160004,187.639999,189.529999,14635700
6/21/2019,188.75,192,188.75,191.139999,22751200
6/24/2019,192.419998,193.979996,191.570007,192.600006,15509000
6/25/2019,192.880005,193.139999,188.130005,188.839996,16750300
6/26/2019,189.539993,190.759995,187.309998,187.660004,12808600
6/27/2019,189.880005,198.880005,188.270004,189.5,11159000
6/28/2019,190.550003,193.199997,189.940002,193,16378900
7/1/2019,195.210007,195.279999,191.929993,193,14181800
7/2/2019,193,195,192.710007,195,9050000
7/3/2019,194.160004,197.399994,194.160004,197.199997,10246100
7/5/2019,196.179993,197.070007,194.169998,196.399994,11164100
7/8/2019,195.190002,196.679993,193.639999,195.759995,9723900
7/9/2019,194.970001,199.460007,194.889999,199.210007,14698600
7/10/2019,200,202.960007,199.669998,202.729996,20571700
7/11/2019,203.259995,203.800003,200.210007,201.229996,13678500
7/12/2019,199.679993,205.300003,199.160004,204.869995,15366300
7/15/2019,204.25,205.330002,201.820007,203.910004,16030300
7/16/2019,203.889999,205.470001,203.100006,203.839996,12132700
7/17/2019,204.179993,204.360001,201.589996,201.800003,12083700
7/18/2019,200.149994,202.470001,199.380005,200.779999,11937900
7/19/2019,202.179993,202.330002,198.070007,198.360001,12098300
7/22/2019,199.910004,202.570007,198.809998,202.320007,13589000
7/23/2019,202.839996,204.240005,200.960007,202.360001,14583700
7/24/2019,197.630005,204.809998,197.220001,204.660004,32532500
7/25/2019,206.699997,208.660004,198.259995,200.710007,39889900
7/26/2019,200.190002,202.880005,196.25,199.75,24434000
7/29/2019,199,199.630005,195.300003,195.940002,16530800
7/30/2019,195.389999,198.710007,193.5,197.039993,11903600
7/31/2019,196.949997,198.759995,192.679993,194.229996,14593500
8/1/2019,194.169998,198.470001,190.880005,192.729996,17777000
8/2/2019,191.100006,192.619995,188.070007,189.020004,15297000
8/5/2019,184.690002,185.669998,179.339996,181.729996,23086700
8/6/2019,183.690002,185.789993,183.089996,184.509995,18035700
8/7/2019,183.600006,186.369995,181.220001,185.149994,15833200
8/8/2019,186.619995,190.339996,184.050003,190.160004,14828900
8/9/2019,190,190.979996,187.119995,187.850006,11058800
8/12/2019,186.850006,187.589996,184.460007,185.369995,10936300
8/13/2019,185.520004,191.380005,185.369995,188.449997,13577000
8/14/2019,185.800003,185.990005,179.309998,179.710007,18903700
8/15/2019,180.949997,183.199997,180.029999,182.589996,12925900
8/16/2019,183.75,185.100006,182.360001,183.699997,12654600
8/19/2019,186.009995,187.5,184.850006,186.169998,9691200
8/20/2019,185.449997,186,182.389999,183.809998,10083400
8/21/2019,185,185.899994,183.139999,183.550003,8398200
8/22/2019,183.429993,184.110001,179.910004,182.039993,10821400
8/23/2019,180.839996,183.130005,176.660004,177.75,17323400
8/26/2019,179.399994,180.5,178.240005,180.360001,8773600
8/27/2019,181.929993,184.039993,181.009995,181.300003,14399600
8/28/2019,180.529999,181.949997,178.919998,181.759995,9386100
8/29/2019,183.770004,186.080002,183.470001,185.570007,10128700
8/30/2019,186.779999,186.800003,183.460007,185.669998,10774500
9/3/2019,184,185.669998,182.110001,182.389999,9779400
9/4/2019,184.649994,187.75,183.889999,187.139999,11308000
9/5/2019,188.529999,191.360001,187.940002,190.899994,13876700
9/6/2019,190.210007,190.210007,186.350006,187.490005,15226800
9/9/2019,187.729996,188.979996,185.850006,188.759995,14722400
9/10/2019,187.440002,188.100006,184.550003,186.169998,15455900
9/11/2019,186.460007,189.440002,186.080002,188.490005,11761700
9/12/2019,189.860001,190.929993,187.229996,187.470001,11419800
9/13/2019,187.330002,187.970001,186.539993,187.190002,11441100
9/16/2019,186.929993,187.789993,185.770004,186.220001,8444800
9/17/2019,186.660004,188.320007,185.539993,188.080002,9671100
9/18/2019,188.089996,189.080002,186.009995,188.139999,9681900
9/19/2019,188.660004,191.100006,188.149994,190.139999,10392700
9/20/2019,190.660004,193.100006,188.119995,189.929993,19934200
9/23/2019,189.339996,190.100006,185.210007,186.820007,13327600
9/24/2019,187.979996,188.039993,180.389999,181.279999,18546600
9/25/2019,181.449997,183.419998,177.869995,182.800003,18068300
9/26/2019,181.330002,181.399994,177.669998,180.110001,16083300
9/27/2019,180.490005,180.759995,175.660004,177.100006,14656200
9/30/2019,177.869995,178.669998,176.850006,178.080002,10740000
10/1/2019,179.149994,179.839996,174.880005,175.809998,17073000
10/2/2019,174.839996,176.529999,173.089996,174.600006,16151700
10/3/2019,175.570007,179.839996,173.630005,179.380005,16086300
10/4/2019,179.550003,180.979996,178.100006,180.449997,10430200
10/7/2019,180,181.179993,178.089996,179.679993,9178300
10/8/2019,178.259995,180.369995,177.720001,177.75,9466900
10/9/2019,179.160004,180.720001,177.940002,179.850006,7556900
10/10/2019,180.320007,181.610001,179.169998,180.029999,8605000
10/11/2019,182.149994,186.490005,182.139999,184.190002,14930500
10/14/2019,184.199997,184.619995,182.570007,183.279999,7006000
10/15/2019,183.800003,190.380005,183.660004,188.889999,15039100
10/16/2019,188.320007,189.699997,186.899994,189.550003,10516900
10/17/2019,190.300003,190.839996,188.770004,190.389999,9603000
10/18/2019,190.229996,191.490005,183.919998,185.850006,16874200
10/21/2019,187.039993,189.910004,186.75,189.759995,8122600
10/22/2019,190,190.649994,181.5,182.339996,19537600
10/23/2019,182.009995,186.380005,182,186.149994,12300400
10/24/2019,184.619995,186.729996,182.800003,186.380005,11413500
